year,indicator,sub_row,value
2013,"ВВП в рыночных ценах, млн. сомони",value,40525.2
2014,"ВВП в рыночных ценах, млн. сомони",value,45606.6
2015,"ВВП в рыночных ценах, млн. сомони",value,50977.399999999994
2016,"ВВП в рыночных ценах, млн. сомони",value,54790.299999999996
2017,"ВВП в рыночных ценах, млн. сомони",value,64434.3
2018,"ВВП в рыночных ценах, млн. сомони",value,71059.2
2019,"ВВП в рыночных ценах, млн. сомони",value,79109.79999999999
2020,"ВВП в рыночных ценах, млн. сомони",value,83958.3
2021,"ВВП в рыночных ценах, млн. сомони",value,101076.30000000002
2022,"ВВП в рыночных ценах, млн. сомони",value,118181.70000000001
2023,"ВВП в рыночных ценах, млн. сомони",value,132781.90000000002
2024,"ВВП в рыночных ценах, млн. сомони",value,155783.9
2025,"ВВП в рыночных ценах, млн. сомони",value,176919
2026,"ВВП в рыночных ценах, млн. сомони",value,199898.1373681862
2027,"ВВП в рыночных ценах, млн. сомони",value,225457.20835606457
2028,"ВВП в рыночных ценах, млн. сомони",value,254610.4097119382
2029,"ВВП в рыночных ценах, млн. сомони",value,290955.27502497676
2030,"ВВП в рыночных ценах, млн. сомони",value,325987.59758401546
2031,"ВВП в рыночных ценах, млн. сомони",value,368330.8046877212
2032,"ВВП в рыночных ценах, млн. сомони",value,413970.29228411877
2033,"ВВП в рыночных ценах, млн. сомони",value,460417.1837588718
2034,"ВВП в рыночных ценах, млн. сомони",value,511101.7351686334
2035,"ВВП в рыночных ценах, млн. сомони",value,568732.0579310552
2013,"ВВП в рыночных ценах, млн. сомони","Реальный рост ВВП, %",107.4
2014,"ВВП в рыночных ценах, млн. сомони","Реальный рост ВВП, %",106.7
2015,"ВВП в рыночных ценах, млн. сомони","Реальный рост ВВП, %",106
2016,"ВВП в рыночных ценах, млн. сомони","Реальный рост ВВП, %",106.89999999999999
2017,"ВВП в рыночных ценах, млн. сомони","Реальный рост ВВП, %",107.1
2018,"ВВП в рыночных ценах, млн. сомони","Реальный рост ВВП, %",106.95738760256572
2019,"ВВП в рыночных ценах, млн. сомони","Реальный рост ВВП, %",107.4424302553364
2020,"ВВП в рыночных ценах, млн. сомони","Реальный рост ВВП, %",104.6338937780149
2021,"ВВП в рыночных ценах, млн. сомони","Реальный рост ВВП, %",110.98124580893132
2022,"ВВП в рыночных ценах, млн. сомони","Реальный рост ВВП, %",108.03592118033602
2023,"ВВП в рыночных ценах, млн. сомони","Реальный рост ВВП, %",108.31976837361451
2024,"ВВП в рыночных ценах, млн. сомони","Реальный рост ВВП, %",108.4291832644482
2025,"ВВП в рыночных ценах, млн. сомони","Реальный рост ВВП, %",108.43562605134716
2026,"ВВП в рыночных ценах, млн. сомони","Реальный рост ВВП, %",108.4943315698956
2027,"ВВП в рыночных ценах, млн. сомони","Реальный рост ВВП, %",108.43204362986133
2028,"ВВП в рыночных ценах, млн. сомони","Реальный рост ВВП, %",108.5884711213525
2029,"ВВП в рыночных ценах, млн. сомони","Реальный рост ВВП, %",108.78200675581428
2030,"ВВП в рыночных ценах, млн. сомони","Реальный рост ВВП, %",108.04843594512415
2031,"ВВП в рыночных ценах, млн. сомони","Реальный рост ВВП, %",108.54825631851573
2032,"ВВП в рыночных ценах, млн. сомони","Реальный рост ВВП, %",108.06837462699862
2033,"ВВП в рыночных ценах, млн. сомони","Реальный рост ВВП, %",108.10104640261854
2034,"ВВП в рыночных ценах, млн. сомони","Реальный рост ВВП, %",108.24890917885453
2035,"ВВП в рыночных ценах, млн. сомони","Реальный рост ВВП, %",108.60848412660823
2013,"ВВП в рыночных ценах, млн. сомони","Дефлятор ВВП, %",104.34105730386703
2014,"ВВП в рыночных ценах, млн. сомони","Дефлятор ВВП, %",105.47222559175718
2015,"ВВП в рыночных ценах, млн. сомони","Дефлятор ВВП, %",105.44940160514669
2016,"ВВП в рыночных ценах, млн. сомони","Дефлятор ВВП, %",100.54217866635985
2017,"ВВП в рыночных ценах, млн. сомони","Дефлятор ВВП, %",109.80546757006118
2018,"ВВП в рыночных ценах, млн. сомони","Дефлятор ВВП, %",103.10801169007861
2019,"ВВП в рыночных ценах, млн. сомони","Дефлятор ВВП, %",103.61774809722768
2020,"ВВП в рыночных ценах, млн. сомони","Дефлятор ВВП, %",101.42872414598965
2021,"ВВП в рыночных ценах, млн. сомони","Дефлятор ВВП, %",108.47660979185154
2022,"ВВП в рыночных ценах, млн. сомони","Дефлятор ВВП, %",108.22627671327531
2023,"ВВП в рыночных ценах, млн. сомони","Дефлятор ВВП, %",103.72439807211711
2024,"ВВП в рыночных ценах, млн. сомони","Дефлятор ВВП, %",108.20255272739531
2025,"ВВП в рыночных ценах, млн. сомони","Дефлятор ВВП, %",106.4321243436517
2026,"ВВП в рыночных ценах, млн. сомони","Дефлятор ВВП, %",104.1423139284166
2027,"ВВП в рыночных ценах, млн. сомони","Дефлятор ВВП, %",104.11542184451834
2028,"ВВП в рыночных ценах, млн. сомони","Дефлятор ВВП, %",103.99879613927943
2029,"ВВП в рыночных ценах, млн. сомони","Дефлятор ВВП, %",105.14926386330478
2030,"ВВП в рыночных ценах, млн. сомони","Дефлятор ВВП, %",103.9946517394631
2031,"ВВП в рыночных ценах, млн. сомони","Дефлятор ВВП, %",104.0912234170238
2032,"ВВП в рыночных ценах, млн. сомони","Дефлятор ВВП, %",103.99980249987213
2033,"ВВП в рыночных ценах, млн. сомони","Дефлятор ВВП, %",102.88509198118591
2034,"ВВП в рыночных ценах, млн. сомони","Дефлятор ВВП, %",102.54920611630706
2035,"ВВП в рыночных ценах, млн. сомони","Дефлятор ВВП, %",102.45581242644181
2013,"Сельское хозяйство, млн. сомони",value,16756.6
2014,"Сельское хозяйство, млн. сомони",value,21021.9
2015,"Сельское хозяйство, млн. сомони",value,21577.8
2016,"Сельское хозяйство, млн. сомони",value,22907.67173111347
2017,"Сельское хозяйство, млн. сомони",value,24576
2018,"Сельское хозяйство, млн. сомони",value,45645.8
2019,"Сельское хозяйство, млн. сомони",value,48889.8
2020,"Сельское хозяйство, млн. сомони",value,53235.2
2021,"Сельское хозяйство, млн. сомони",value,56806.7
2022,"Сельское хозяйство, млн. сомони",value,61337.9
2023,"Сельское хозяйство, млн. сомони",value,66907.2
2024,"Сельское хозяйство, млн. сомони",value,73976.6
2025,"Сельское хозяйство, млн. сомони",value,84653.8
2026,"Сельское хозяйство, млн. сомони",value,95155.3649055747
2027,"Сельское хозяйство, млн. сомони",value,104591.33871634123
2028,"Сельское хозяйство, млн. сомони",value,114715.98328108198
2029,"Сельское хозяйство, млн. сомони",value,125434.66879246393
2030,"Сельское хозяйство, млн. сомони",value,136949.66205418564
2031,"Сельское хозяйство, млн. сомони",value,148095.74720289503
2032,"Сельское хозяйство, млн. сомони",value,159589.22939203866
2033,"Сельское хозяйство, млн. сомони",value,172013.1801808544
2034,"Сельское хозяйство, млн. сомони",value,184982.76954834524
2035,"Сельское хозяйство, млн. сомони",value,199395.93071211304
2013,"Сельское хозяйство, млн. сомони",Темп роста к предыдущему году в %,107.6
2014,"Сельское хозяйство, млн. сомони",Темп роста к предыдущему году в %,104.5
2015,"Сельское хозяйство, млн. сомони",Темп роста к предыдущему году в %,103.2
2016,"Сельское хозяйство, млн. сомони",Темп роста к предыдущему году в %,105.2
2017,"Сельское хозяйство, млн. сомони",Темп роста к предыдущему году в %,106.8
2018,"Сельское хозяйство, млн. сомони",Темп роста к предыдущему году в %,104
2019,"Сельское хозяйство, млн. сомони",Темп роста к предыдущему году в %,107.1
2020,"Сельское хозяйство, млн. сомони",Темп роста к предыдущему году в %,108.8
2021,"Сельское хозяйство, млн. сомони",Темп роста к предыдущему году в %,106.6
2022,"Сельское хозяйство, млн. сомони",Темп роста к предыдущему году в %,108
2023,"Сельское хозяйство, млн. сомони",Темп роста к предыдущему году в %,109
2024,"Сельское хозяйство, млн. сомони",Темп роста к предыдущему году в %,110.6
2025,"Сельское хозяйство, млн. сомони",Темп роста к предыдущему году в %,109.5
2026,"Сельское хозяйство, млн. сомони",Темп роста к предыдущему году в %,108.91987241566737
2027,"Сельское хозяйство, млн. сомони",Темп роста к предыдущему году в %,108.61303019155473
2028,"Сельское хозяйство, млн. сомони",Темп роста к предыдущему году в %,108.27264962165613
2029,"Сельское хозяйство, млн. сомони",Темп роста к предыдущему году в %,108.15397849978116
2030,"Сельское хозяйство, млн. сомони",Темп роста к предыдущему году в %,108.3135637717354
2031,"Сельское хозяйство, млн. сомони",Темп роста к предыдущему году в %,107.60081494935515
2032,"Сельское хозяйство, млн. сомони",Темп роста к предыдущему году в %,107.54575403019618
2033,"Сельское хозяйство, млн. сомони",Темп роста к предыдущему году в %,107.248712126007
2034,"Сельское хозяйство, млн. сомони",Темп роста к предыдущему году в %,107.00485687696262
2035,"Сельское хозяйство, млн. сомони",Темп роста к предыдущему году в %,107.25534688487758
2013,"Сельское хозяйство, млн. сомони",дефлятор,94.51098969587345
2014,"Сельское хозяйство, млн. сомони",дефлятор,120.05210315758181
2015,"Сельское хозяйство, млн. сомони",дефлятор,99.46161350892429
2016,"Сельское хозяйство, млн. сомони",дефлятор,100.9155398445242
2017,"Сельское хозяйство, млн. сомони",дефлятор,100.45209406332661
2018,"Сельское хозяйство, млн. сомони",дефлятор,178.5896496895032
2019,"Сельское хозяйство, млн. сомони",дефлятор,100.00643979467624
2020,"Сельское хозяйство, млн. сомони",дефлятор,100.08102255420533
2021,"Сельское хозяйство, млн. сомони",дефлятор,100.10216406067089
2022,"Сельское хозяйство, млн. сомони",дефлятор,99.97826286661935
2023,"Сельское хозяйство, млн. сомони",дефлятор,100.07312329502312
2024,"Сельское хозяйство, млн. сомони",дефлятор,99.96923865420507
2025,"Сельское хозяйство, млн. сомони",дефлятор,104.50521704524682
2026,"Сельское хозяйство, млн. сомони",дефлятор,103.2
2027,"Сельское хозяйство, млн. сомони",дефлятор,101.2
2028,"Сельское хозяйство, млн. сомони",дефлятор,101.3
2029,"Сельское хозяйство, млн. сомони",дефлятор,101.1
2030,"Сельское хозяйство, млн. сомони",дефлятор,100.8
2031,"Сельское хозяйство, млн. сомони",дефлятор,100.5
2032,"Сельское хозяйство, млн. сомони",дефлятор,100.2
2033,"Сельское хозяйство, млн. сомони",дефлятор,100.5
2034,"Сельское хозяйство, млн. сомони",дефлятор,100.5
2035,"Сельское хозяйство, млн. сомони",дефлятор,100.5
2013,Растениеводство,value,11502.5
2014,Растениеводство,value,14532.8
2015,Растениеводство,value,14623.7
2016,Растениеводство,value,15066.6
2017,Растениеводство,value,16977.8
2018,Растениеводство,value,31669.6
2019,Растениеводство,value,34124
2020,Растениеводство,value,36919.4
2021,Растениеводство,value,39115.6
2022,Растениеводство,value,42115
2023,Растениеводство,value,44976.1
2024,Растениеводство,value,50984.9
2025,Растениеводство,value,56588
2026,Растениеводство,value,61242.1782634497
2027,Растениеводство,value,66836.04393007637
2028,Растениеводство,value,72556.83750482455
2029,Растениеводство,value,78788.34722239131
2030,Растениеводство,value,85058.31978199996
2031,Растениеводство,value,90393.17158246602
2032,Растениеводство,value,95752.60234039437
2033,Растениеводство,value,100785.75325530593
2034,Растениеводство,value,105499.67246285305
2035,Растениеводство,value,109860.01776743868
2013,Растениеводство,Темп роста к предыдущему году в %,107.6
2014,Растениеводство,Темп роста к предыдущему году в %,104.5
2015,Растениеводство,Темп роста к предыдущему году в %,101.4
2016,Растениеводство,Темп роста к предыдущему году в %,105.1
2017,Растениеводство,Темп роста к предыдущему году в %,107.4
2018,Растениеводство,Темп роста к предыдущему году в %,103.4
2019,Растениеводство,Темп роста к предыдущему году в %,107.8
2020,Растениеводство,Темп роста к предыдущему году в %,108.2
2021,Растениеводство,Темп роста к предыдущему году в %,105.9
2022,Растениеводство,Темп роста к предыдущему году в %,107.7
2023,Растениеводство,Темп роста к предыдущему году в %,106.8
2024,Растениеводство,Темп роста к предыдущему году в %,113.4
2025,Растениеводство,Темп роста к предыдущему году в %,109.9
2026,Растениеводство,Темп роста к предыдущему году в %,107.2593394857495
2027,Растениеводство,Темп роста к предыдущему году в %,106.99412581783922
2028,Растениеводство,Темп роста к предыдущему году в %,108.34275821834399
2029,Растениеводство,Темп роста к предыдущему году в %,107.51331957024452
2030,Растениеводство,Темп роста к предыдущему году в %,107.42089032886649
2031,Растениеводство,Темп роста к предыдущему году в %,105.74327654417797
2032,Растениеводство,Темп роста к предыдущему году в %,105.61218514399904
2033,Растениеводство,Темп роста к предыдущему году в %,104.94158685842078
2034,Растениеводство,Темп роста к предыдущему году в %,104.4682317426262
2035,Растениеводство,Темп роста к предыдущему году в %,101.29673303136077
2013,Животноводство,value,3958.6
2014,Животноводство,value,3958.6
2015,Животноводство,value,6954.1
2016,Животноводство,value,7841.071731113469
2017,Животноводство,value,7598.2
2018,Животноводство,value,13976.2
2019,Животноводство,value,14765.8
2020,Животноводство,value,16315.8
2021,Животноводство,value,17691.1
2022,Животноводство,value,19222.9
2023,Животноводство,value,21931.1
2024,Животноводство,value,22991.7
2025,Животноводство,value,28065.8
2026,Животноводство,value,33724.206642125
2027,Животноводство,value,37549.306586264844
2028,Животноводство,value,41934.82462645743
2029,Животноводство,value,46401.58719564081
2030,Животноводство,value,51624.55733061759
2031,Животноводство,value,57411.24646423663
2032,Животноводство,value,63518.786942238425
2033,Животноводство,value,70880.98120629608
2034,Животноводство,value,79106.51058866481
2035,Животноводство,value,89127.31659561668
2013,Животноводство,Темп роста к предыдущему году в %,107.5
2014,Животноводство,Темп роста к предыдущему году в %,112.5
2015,Животноводство,Темп роста к предыдущему году в %,107.2
2016,Животноводство,Темп роста к предыдущему году в %,105.5
2017,Животноводство,Темп роста к предыдущему году в %,105.6
2018,Животноводство,Темп роста к предыдущему году в %,105.3
2019,Животноводство,Темп роста к предыдущему году в %,105.7
2020,Животноводство,Темп роста к предыдущему году в %,110.5
2021,Животноводство,Темп роста к предыдущему году в %,108.4
2022,Животноводство,Темп роста к предыдущему году в %,108.7
2023,Животноводство,Темп роста к предыдущему году в %,114.1
2024,Животноводство,Темп роста к предыдущему году в %,104.8
2025,Животноводство,Темп роста к предыдущему году в %,108.5
2026,Животноводство,Темп роста к предыдущему году в %,107.4085
2027,Животноводство,Темп роста к предыдущему году в %,106.622
2028,Животноводство,Темп роста к предыдущему году в %,104.4435
2029,Животноводство,Темп роста к предыдущему году в %,103.5132
2030,Животноводство,Темп роста к предыдущему году в %,105.0056
2031,Животноводство,Темп роста к предыдущему году в %,105.4467
2032,Животноводство,Темп роста к предыдущему году в %,105.897
2033,Животноводство,Темп роста к предыдущему году в %,107
2034,Животноводство,Темп роста к предыдущему году в %,107
2035,Животноводство,Темп роста к предыдущему году в %,108
2013,"Промышленность, млн. сомони",value,9952
2014,"Промышленность, млн. сомони",value,10534.657
2015,"Промышленность, млн. сомони",value,12196
2016,"Промышленность, млн. сомони",value,15090
2017,"Промышленность, млн. сомони",value,20028.512
2018,"Промышленность, млн. сомони",value,23893.9
2019,"Промышленность, млн. сомони",value,27613.3
2020,"Промышленность, млн. сомони",value,30890
2021,"Промышленность, млн. сомони",value,38829
2022,"Промышленность, млн. сомони",value,42221.4
2023,"Промышленность, млн. сомони",value,46816
2024,"Промышленность, млн. сомони",value,53818.99999999999
2025,"Промышленность, млн. сомони",value,66726.1
2026,"Промышленность, млн. сомони",value,83491.03230614094
2027,"Промышленность, млн. сомони",value,104885.64945832182
2028,"Промышленность, млн. сомони",value,131605.53347201648
2029,"Промышленность, млн. сомони",value,164803.1608958661
2030,"Промышленность, млн. сомони",value,167867.77460593067
2031,"Промышленность, млн. сомони",value,171881.2545664156
2032,"Промышленность, млн. сомони",value,172762.8500399797
2033,"Промышленность, млн. сомони",value,196491.13487940727
2034,"Промышленность, млн. сомони",value,216673.07420805254
2035,"Промышленность, млн. сомони",value,241220.43643245698
2013,"Промышленность, млн. сомони",Темп роста к предыдущему году в %,103.8
2014,"Промышленность, млн. сомони",Темп роста к предыдущему году в %,105
2015,"Промышленность, млн. сомони",Темп роста к предыдущему году в %,111.3
2016,"Промышленность, млн. сомони",Темп роста к предыдущему году в %,116
2017,"Промышленность, млн. сомони",Темп роста к предыдущему году в %,121.3
2018,"Промышленность, млн. сомони",Темп роста к предыдущему году в %,110.6
2019,"Промышленность, млн. сомони",Темп роста к предыдущему году в %,113.2
2020,"Промышленность, млн. сомони",Темп роста к предыдущему году в %,108.8
2021,"Промышленность, млн. сомони",Темп роста к предыдущему году в %,120.8
2022,"Промышленность, млн. сомони",Темп роста к предыдущему году в %,115.4
2023,"Промышленность, млн. сомони",Темп роста к предыдущему году в %,109.7
2024,"Промышленность, млн. сомони",Темп роста к предыдущему году в %,120
2025,"Промышленность, млн. сомони",Темп роста к предыдущему году в %,122.1
2026,"Промышленность, млн. сомони",Темп роста к предыдущему году в %,125.02096627281625
2027,"Промышленность, млн. сомони",Темп роста к предыдущему году в %,125.00010346903679
2028,"Промышленность, млн. сомони",Темп роста к предыдущему году в %,125.10772131494927
2029,"Промышленность, млн. сомони",Темп роста к предыдущему году в %,125.07379530741514
2030,"Промышленность, млн. сомони",Темп роста к предыдущему году в %,119.95581243415236
2031,"Промышленность, млн. сомони",Темп роста к предыдущему году в %,119.92602525044774
2032,"Промышленность, млн. сомони",Темп роста к предыдущему году в %,120.07027383022358
2033,"Промышленность, млн. сомони",Темп роста к предыдущему году в %,111.30175408111008
2034,"Промышленность, млн. сомони",Темп роста к предыдущему году в %,109.17266964720974
2035,"Промышленность, млн. сомони",Темп роста к предыдущему году в %,122.33960441142446
2014,"Промышленность, млн. сомони","Дефлятор, %",100.81397374062163
2015,"Промышленность, млн. сомони","Дефлятор, %",104.01640782381872
2016,"Промышленность, млн. сомони","Дефлятор, %",106.66300991845827
2017,"Промышленность, млн. сомони","Дефлятор, %",109.4204872441635
2018,"Промышленность, млн. сомони","Дефлятор, %",107.86566612770653
2019,"Промышленность, млн. сомони","Дефлятор, %",102.09038523767106
2020,"Промышленность, млн. сомони","Дефлятор, %",102.81836693784177
2021,"Промышленность, млн. сомони","Дефлятор, %",104.05701495801165
2022,"Промышленность, млн. сомони","Дефлятор, %",94.22596959257837
2023,"Промышленность, млн. сомони","Дефлятор, %",101.0776292471782
2024,"Промышленность, млн. сомони","Дефлятор, %",95.79880097972202
2025,"Промышленность, млн. сомони","Дефлятор, %",101.54170562204904
2026,"Промышленность, млн. сомони","Дефлятор, %",100.08321264218527
2027,"Промышленность, млн. сомони","Дефлятор, %",100.49995525695964
2028,"Промышленность, млн. сомони","Дефлятор, %",100.29377176735255
2029,"Промышленность, млн. сомони","Дефлятор, %",100.12097233654178
2030,"Промышленность, млн. сомони","Дефлятор, %",84.91423463706502
2031,"Промышленность, млн. сомони","Дефлятор, %",85.37834693677944
2032,"Промышленность, млн. сомони","Дефлятор, %",83.71173514001086
2033,"Промышленность, млн. сомони","Дефлятор, %",102.18581012918523
2034,"Промышленность, млн. сомони","Дефлятор, %",101.00620492187215
2035,"Промышленность, млн. сомони","Дефлятор, %",91.00014446631654
2013,Добыча полезных ископаемых,value,1117
2014,Добыча полезных ископаемых,value,1402
2015,Добыча полезных ископаемых,value,1641
2016,Добыча полезных ископаемых,value,3004
2017,Добыча полезных ископаемых,value,4523.512
2018,Добыча полезных ископаемых,value,4685.9
2019,Добыча полезных ископаемых,value,4853.3
2020,Добыча полезных ископаемых,value,4309
2021,Добыча полезных ископаемых,value,8409
2022,Добыча полезных ископаемых,value,8890.9
2023,Добыча полезных ископаемых,value,9373
2024,Добыча полезных ископаемых,value,13363.1
2025,Добыча полезных ископаемых,value,20000.2
2026,Добыча полезных ископаемых,value,26754.531741408595
2027,Добыча полезных ископаемых,value,29788.98137521019
2028,Добыча полезных ископаемых,value,40744.2617425675
2029,Добыча полезных ископаемых,value,48047.33451755567
2030,Добыча полезных ископаемых,value,51160.5183389241
2031,Добыча полезных ископаемых,value,37883.05405021305
2032,Добыча полезных ископаемых,value,26182.762309147718
2033,Добыча полезных ископаемых,value,30415.986988575227
2034,Добыча полезных ископаемых,value,36342.37666614335
2035,Добыча полезных ископаемых,value,43559.3058322371
2013,Добыча полезных ископаемых,Темп роста к предыдущему году в %,143.1
2014,Добыча полезных ископаемых,Темп роста к предыдущему году в %,124.5
2015,Добыча полезных ископаемых,Темп роста к предыдущему году в %,117.9
2016,Добыча полезных ископаемых,Темп роста к предыдущему году в %,153.3
2017,Добыча полезных ископаемых,Темп роста к предыдущему году в %,121.7
2018,Добыча полезных ископаемых,Темп роста к предыдущему году в %,112
2019,Добыча полезных ископаемых,Темп роста к предыдущему году в %,112.6
2020,Добыча полезных ископаемых,Темп роста к предыдущему году в %,97.4
2021,Добыча полезных ископаемых,Темп роста к предыдущему году в %,155.2
2022,Добыча полезных ископаемых,Темп роста к предыдущему году в %,97.7
2023,Добыча полезных ископаемых,Темп роста к предыдущему году в %,111.7
2024,Добыча полезных ископаемых,Темп роста к предыдущему году в %,143
2025,Добыча полезных ископаемых,Темп роста к предыдущему году в %,136.2
2026,Добыча полезных ископаемых,Темп роста к предыдущему году в %,121.23928485715143
2027,Добыча полезных ископаемых,Темп роста к предыдущему году в %,127.31864585181219
2028,Добыча полезных ископаемых,Темп роста к предыдущему году в %,157.14609258494852
2029,Добыча полезных ископаемых,Темп роста к предыдущему году в %,118.05098737819198
2030,Добыча полезных ископаемых,Темп роста к предыдущему году в %,77.1175700470606
2031,Добыча полезных ископаемых,Темп роста к предыдущему году в %,72.07254638640563
2032,Добыча полезных ископаемых,Темп роста к предыдущему году в %,67.98626537018633
2033,Добыча полезных ископаемых,Темп роста к предыдущему году в %,117.51327175308901
2034,Добыча полезных ископаемых,Темп роста к предыдущему году в %,119.45571309683619
2035,Добыча полезных ископаемых,Темп роста к предыдущему году в %,119.8637006731132
2013,Обрабатывающая промышленность,value,6916
2014,Обрабатывающая промышленность,value,6959
2015,Обрабатывающая промышленность,value,8006
2016,Обрабатывающая промышленность,value,9368
2017,Обрабатывающая промышленность,value,11776
2018,Обрабатывающая промышленность,value,13520
2019,Обрабатывающая промышленность,value,15952
2020,Обрабатывающая промышленность,value,19054
2021,Обрабатывающая промышленность,value,22313
2022,Обрабатывающая промышленность,value,25708.7
2023,Обрабатывающая промышленность,value,28459.8
2024,Обрабатывающая промышленность,value,30275.6
2025,Обрабатывающая промышленность,value,34595.4
2026,Обрабатывающая промышленность,value,43621.3200679664
2027,Обрабатывающая промышленность,value,60339.77149234491
2028,Обрабатывающая промышленность,value,73035.0044453598
2029,Обрабатывающая промышленность,value,95177.14810210072
2030,Обрабатывающая промышленность,value,93137.60042020684
2031,Обрабатывающая промышленность,value,108597.03876551773
2032,Обрабатывающая промышленность,value,119233.47531193127
2033,Обрабатывающая промышленность,value,136686.9263727902
2034,Обрабатывающая промышленность,value,148738.68210948393
2035,Обрабатывающая промышленность,value,163710.01507056947
2013,Обрабатывающая промышленность,Темп роста к предыдущему году в %,99
2014,Обрабатывающая промышленность,Темп роста к предыдущему году в %,100.9
2015,Обрабатывающая промышленность,Темп роста к предыдущему году в %,110.1
2016,Обрабатывающая промышленность,Темп роста к предыдущему году в %,112.5
2017,Обрабатывающая промышленность,Темп роста к предыдущему году в %,122.9
2018,Обрабатывающая промышленность,Темп роста к предыдущему году в %,112.1
2019,Обрабатывающая промышленность,Темп роста к предыдущему году в %,115.3
2020,Обрабатывающая промышленность,Темп роста к предыдущему году в %,114.1
2021,Обрабатывающая промышленность,Темп роста к предыдущему году в %,115.3
2022,Обрабатывающая промышленность,Темп роста к предыдущему году в %,116.4
2023,Обрабатывающая промышленность,Темп роста к предыдущему году в %,112.4
2024,Обрабатывающая промышленность,Темп роста к предыдущему году в %,107.6
2025,Обрабатывающая промышленность,Темп роста к предыдущему году в %,110.5
2026,Обрабатывающая промышленность,Темп роста к предыдущему году в %,132.91232080012878
2027,Обрабатывающая промышленность,Темп роста к предыдущему году в %,127.14443299873152
2028,Обрабатывающая промышленность,Темп роста к предыдущему году в %,110.19672560929948
2029,Обрабатывающая промышленность,Темп роста к предыдущему году в %,129.9149432020982
2030,Обрабатывающая промышленность,Темп роста к предыдущему году в %,143.9584800044311
2031,Обрабатывающая промышленность,Темп роста к предыдущему году в %,149.2178869358873
2032,Обрабатывающая промышленность,Темп роста к предыдущему году в %,141.07613629143407
2033,Обрабатывающая промышленность,Темп роста к предыдущему году в %,110.79750474273503
2034,Обрабатывающая промышленность,Темп роста к предыдущему году в %,107.236115089152
2035,Обрабатывающая промышленность,Темп роста к предыдущему году в %,126.0313667378719
2013,"Производство и распределение электроэнергии, газа и воды",value,1919
2014,"Производство и распределение электроэнергии, газа и воды",value,2173.657
2015,"Производство и распределение электроэнергии, газа и воды",value,2549
2016,"Производство и распределение электроэнергии, газа и воды",value,2718
2017,"Производство и распределение электроэнергии, газа и воды",value,3729
2018,"Производство и распределение электроэнергии, газа и воды",value,5688
2019,"Производство и распределение электроэнергии, газа и воды",value,6808
2020,"Производство и распределение электроэнергии, газа и воды",value,7527
2021,"Производство и распределение электроэнергии, газа и воды",value,8107
2022,"Производство и распределение электроэнергии, газа и воды",value,7621.8
2023,"Производство и распределение электроэнергии, газа и воды",value,9212
2024,"Производство и распределение электроэнергии, газа и воды",value,10180.300000000001
2025,"Производство и распределение электроэнергии, газа и воды",value,12130.5
2026,"Производство и распределение электроэнергии, газа и воды",value,13115.180496765961
2027,"Производство и распределение электроэнергии, газа и воды",value,14756.89659076672
2028,"Производство и распределение электроэнергии, газа и воды",value,17826.267284089194
2029,"Производство и распределение электроэнергии, газа и воды",value,21578.678276209706
2030,"Производство и распределение электроэнергии, газа и воды",value,23569.65584679971
2031,"Производство и распределение электроэнергии, газа и воды",value,25401.1617506848
2032,"Производство и распределение электроэнергии, газа и воды",value,27346.61241890071
2033,"Производство и распределение электроэнергии, газа и воды",value,29388.221518041835
2034,"Производство и распределение электроэнергии, газа и воды",value,31592.01543242525
2035,"Производство и распределение электроэнергии, газа и воды",value,33951.1155296504
2013,"Производство и распределение электроэнергии, газа и воды",Темп роста к предыдущему году в %,105.6
2014,"Производство и распределение электроэнергии, газа и воды",Темп роста к предыдущему году в %,106.8
2015,"Производство и распределение электроэнергии, газа и воды",Темп роста к предыдущему году в %,111.5
2016,"Производство и распределение электроэнергии, газа и воды",Темп роста к предыдущему году в %,103.7
2017,"Производство и распределение электроэнергии, газа и воды",Темп роста к предыдущему году в %,116.5
2018,"Производство и распределение электроэнергии, газа и воды",Темп роста к предыдущему году в %,107.5
2019,"Производство и распределение электроэнергии, газа и воды",Темп роста к предыдущему году в %,105.6
2020,"Производство и распределение электроэнергии, газа и воды",Темп роста к предыдущему году в %,100.1
2021,"Производство и распределение электроэнергии, газа и воды",Темп роста к предыдущему году в %,112.7
2022,"Производство и распределение электроэнергии, газа и воды",Темп роста к предыдущему году в %,117.5
2023,"Производство и распределение электроэнергии, газа и воды",Темп роста к предыдущему году в %,107.1
2024,"Производство и распределение электроэнергии, газа и воды",Темп роста к предыдущему году в %,105.7
2025,"Производство и распределение электроэнергии, газа и воды",Темп роста к предыдущему году в %,113
2026,"Производство и распределение электроэнергии, газа и воды",Темп роста к предыдущему году в %,108.22722005796955
2027,"Производство и распределение электроэнергии, газа и воды",Темп роста к предыдущему году в %,112.76928853806145
2028,"Производство и распределение электроэнергии, газа и воды",Темп роста к предыдущему году в %,121.29668523878343
2029,"Производство и распределение электроэнергии, газа и воды",Темп роста к предыдущему году в %,121.19792219999404
2030,"Производство и распределение электроэнергии, газа и воды",Темп роста к предыдущему году в %,109.22659648151406
2031,"Производство и распределение электроэнергии, газа и воды",Темп роста к предыдущему году в %,107.77060944712001
2032,"Производство и распределение электроэнергии, газа и воды",Темп роста к предыдущему году в %,107.65890429465676
2033,"Производство и распределение электроэнергии, газа и воды",Темп роста к предыдущему году в %,107.46567460666559
2034,"Производство и распределение электроэнергии, газа и воды",Темп роста к предыдущему году в %,107.4989019428429
2035,"Производство и распределение электроэнергии, газа и воды",Темп роста к предыдущему году в %,107.4673934693126
2013,"Инвестиции в основной капитал, млн. сомони",value,5796.799999999999
2014,"Инвестиции в основной капитал, млн. сомони",value,7495.2
2015,"Инвестиции в основной капитал, млн. сомони",value,9749.9
2016,"Инвестиции в основной капитал, млн. сомони",value,11509.2
2017,"Инвестиции в основной капитал, млн. сомони",value,11806.3
2018,"Инвестиции в основной капитал, млн. сомони",value,13361
2019,"Инвестиции в основной капитал, млн. сомони",value,12517.8
2020,"Инвестиции в основной капитал, млн. сомони",value,11616.9
2021,"Инвестиции в основной капитал, млн. сомони",value,14757.2
2022,"Инвестиции в основной капитал, млн. сомони",value,16279.5
2023,"Инвестиции в основной капитал, млн. сомони",value,19859
2024,"Инвестиции в основной капитал, млн. сомони",value,22543
2025,"Инвестиции в основной капитал, млн. сомони",value,28736
2026,"Инвестиции в основной капитал, млн. сомони",value,32767.971999999998
2027,"Инвестиции в основной капитал, млн. сомони",value,38923.92156
2028,"Инвестиции в основной капитал, млн. сомони",value,44524.43081040001
2029,"Инвестиции в основной капитал, млн. сомони",value,51375.48391236
2030,"Инвестиции в основной капитал, млн. сомони",value,55564.0617657792
2031,"Инвестиции в основной капитал, млн. сомони",value,63254.94883659063
2032,"Инвестиции в основной капитал, млн. сомони",value,73256.89332081945
2033,"Инвестиции в основной капитал, млн. сомони",value,91342.98609508443
2034,"Инвестиции в основной капитал, млн. сомони",value,114213.0994791697
2035,"Инвестиции в основной капитал, млн. сомони",value,143190.44475016196
2013,"Инвестиции в основной капитал, млн. сомони",Темп роста к предыдущему году в %,117.2
2014,"Инвестиции в основной капитал, млн. сомони",Темп роста к предыдущему году в %,125.3
2015,"Инвестиции в основной капитал, млн. сомони",Темп роста к предыдущему году в %,121.2
2016,"Инвестиции в основной капитал, млн. сомони",Темп роста к предыдущему году в %,120.3
2017,"Инвестиции в основной капитал, млн. сомони",Темп роста к предыдущему году в %,104.1
2018,"Инвестиции в основной капитал, млн. сомони",Темп роста к предыдущему году в %,110.2
2019,"Инвестиции в основной капитал, млн. сомони",Темп роста к предыдущему году в %,104.6
2020,"Инвестиции в основной капитал, млн. сомони",Темп роста к предыдущему году в %,104
2021,"Инвестиции в основной капитал, млн. сомони",Темп роста к предыдущему году в %,132.1
2022,"Инвестиции в основной капитал, млн. сомони",Темп роста к предыдущему году в %,111.4
2023,"Инвестиции в основной капитал, млн. сомони",Темп роста к предыдущему году в %,112.3
2024,"Инвестиции в основной капитал, млн. сомони",Темп роста к предыдущему году в %,114.38905264772578
2025,"Инвестиции в основной капитал, млн. сомони",Темп роста к предыдущему году в %,68.09244401071317
2026,"Инвестиции в основной капитал, млн. сомони",Темп роста к предыдущему году в %,173.24992872393935
2027,"Инвестиции в основной капитал, млн. сомони",Темп роста к предыдущему году в %,116.08605509492818
2028,"Инвестиции в основной капитал, млн. сомони",Темп роста к предыдущему году в %,110.87035705184428
2029,"Инвестиции в основной капитал, млн. сомони",Темп роста к предыдущему году в %,125.03680854928925
2030,"Инвестиции в основной капитал, млн. сомони",Темп роста к предыдущему году в %,115.54982397635719
2031,"Инвестиции в основной капитал, млн. сомони",Темп роста к предыдущему году в %,116.540573684068
2032,"Инвестиции в основной капитал, млн. сомони",Темп роста к предыдущему году в %,114.67559181842475
2033,"Инвестиции в основной капитал, млн. сомони",Темп роста к предыдущему году в %,138.94089544808796
2034,"Инвестиции в основной капитал, млн. сомони",Темп роста к предыдущему году в %,128.38684604357985
2035,"Инвестиции в основной капитал, млн. сомони",Темп роста к предыдущему году в %,130.59510157906368
2013,"Внутренная торговля, млн. сомони",value,11586.3
2014,"Внутренная торговля, млн. сомони",value,13122.1
2015,"Внутренная торговля, млн. сомони",value,14696.7
2016,"Внутренная торговля, млн. сомони",value,16573.4
2017,"Внутренная торговля, млн. сомони",value,18959.6
2018,"Внутренная торговля, млн. сомони",value,20989
2019,"Внутренная торговля, млн. сомони",value,25456.8
2020,"Внутренная торговля, млн. сомони",value,27599.7
2021,"Внутренная торговля, млн. сомони",value,33797.9
2022,"Внутренная торговля, млн. сомони",value,47563.399999999994
2023,"Внутренная торговля, млн. сомони",value,56124.4
2024,"Внутренная торговля, млн. сомони",value,65783.8
2025,"Внутренная торговля, млн. сомони",value,77307.1
2026,"Внутренная торговля, млн. сомони",value,89946.5411776699
2027,"Внутренная торговля, млн. сомони",value,105319.773929044
2028,"Внутренная торговля, млн. сомони",value,120054.47057104275
2029,"Внутренная торговля, млн. сомони",value,138358.42123583407
2030,"Внутренная торговля, млн. сомони",value,149157.7179315917
2031,"Внутренная торговля, млн. сомони",value,160879.0743705131
2032,"Внутренная торговля, млн. сомони",value,174656.34444130448
2033,"Внутренная торговля, млн. сомони",value,194923.91701782183
2034,"Внутренная торговля, млн. сомони",value,210618.08386618146
2035,"Внутренная торговля, млн. сомони",value,228337.24860437328
2013,"Внутренная торговля, млн. сомони",Темп роста к предыдущему году в %,0
2014,"Внутренная торговля, млн. сомони",Темп роста к предыдущему году в %,0
2015,"Внутренная торговля, млн. сомони",Темп роста к предыдущему году в %,0
2016,"Внутренная торговля, млн. сомони",Темп роста к предыдущему году в %,0
2017,"Внутренная торговля, млн. сомони",Темп роста к предыдущему году в %,0
2018,"Внутренная торговля, млн. сомони",Темп роста к предыдущему году в %,115.4
2019,"Внутренная торговля, млн. сомони",Темп роста к предыдущему году в %,109
2020,"Внутренная торговля, млн. сомони",Темп роста к предыдущему году в %,93.2
2021,"Внутренная торговля, млн. сомони",Темп роста к предыдущему году в %,113
2022,"Внутренная торговля, млн. сомони",Темп роста к предыдущему году в %,111.2
2023,"Внутренная торговля, млн. сомони",Темп роста к предыдущему году в %,113.4
2024,"Внутренная торговля, млн. сомони",Темп роста к предыдущему году в %,113.6
2025,"Внутренная торговля, млн. сомони",Темп роста к предыдущему году в %,113.9
2026,"Внутренная торговля, млн. сомони",Темп роста к предыдущему году в %,114.3279423781605
2027,"Внутренная торговля, млн. сомони",Темп роста к предыдущему году в %,114.4652322077294
2028,"Внутренная торговля, млн. сомони",Темп роста к предыдущему году в %,113.63166095807681
2029,"Внутренная торговля, млн. сомони",Темп роста к предыдущему году в %,113.89224358350485
2030,"Внутренная торговля, млн. сомони",Темп роста к предыдущему году в %,108.36872265199328
2031,"Внутренная торговля, млн. сомони",Темп роста к предыдущему году в %,109.8489746524762
2032,"Внутренная торговля, млн. сомони",Темп роста к предыдущему году в %,109.32916297519593
2033,"Внутренная торговля, млн. сомони",Темп роста к предыдущему году в %,109.35302151139886
2034,"Внутренная торговля, млн. сомони",Темп роста к предыдущему году в %,106.10895341643496
2035,"Внутренная торговля, млн. сомони",Темп роста к предыдущему году в %,106.39788604260637
2013,"Платные услуги, млн. сомони",value,11566.3
2014,"Платные услуги, млн. сомони",value,12757.6
2015,"Платные услуги, млн. сомони",value,11782.9
2016,"Платные услуги, млн. сомони",value,11729
2017,"Платные услуги, млн. сомони",value,11998.8
2018,"Платные услуги, млн. сомони",value,12130.8
2019,"Платные услуги, млн. сомони",value,12983.6
2020,"Платные услуги, млн. сомони",value,13110.4
2021,"Платные услуги, млн. сомони",value,15111.8
2022,"Платные услуги, млн. сомони",value,18696.8
2023,"Платные услуги, млн. сомони",value,21760.3
2024,"Платные услуги, млн. сомони",value,25722.9
2025,"Платные услуги, млн. сомони",value,30470.2
2026,"Платные услуги, млн. сомони",value,35439.75516519846
2027,"Платные услуги, млн. сомони",value,41254.48471536223
2028,"Платные услуги, млн. сомони",value,47612.18209392049
2029,"Платные услуги, млн. сомони",value,51548.63520833778
2030,"Платные услуги, млн. сомони",value,56661.40390494502
2031,"Платные услуги, млн. сомони",value,62425.43938868936
2032,"Платные услуги, млн. сомони",value,64323.56419321699
2033,"Платные услуги, млн. сомони",value,76394.86896751015
2034,"Платные услуги, млн. сомони",value,87007.68241064626
2035,"Платные услуги, млн. сомони",value,83427.50683419443
2013,"Платные услуги, млн. сомони",Темп роста к предыдущему году в %,0
2014,"Платные услуги, млн. сомони",Темп роста к предыдущему году в %,106.08200283030205
2015,"Платные услуги, млн. сомони",Темп роста к предыдущему году в %,89.10084938814873
2016,"Платные услуги, млн. сомони",Темп роста к предыдущему году в %,94.91966245391592
2017,"Платные услуги, млн. сомони",Темп роста к предыдущему году в %,96.00573677095653
2018,"Платные услуги, млн. сомони",Темп роста к предыдущему году в %,92.61396139613962
2019,"Платные услуги, млн. сомони",Темп роста к предыдущему году в %,102.9
2020,"Платные услуги, млн. сомони",Темп роста к предыдущему году в %,97.4
2021,"Платные услуги, млн. сомони",Темп роста к предыдущему году в %,107.9
2022,"Платные услуги, млн. сомони",Темп роста к предыдущему году в %,116
2023,"Платные услуги, млн. сомони",Темп роста к предыдущему году в %,114.1
2024,"Платные услуги, млн. сомони",Темп роста к предыдущему году в %,113
2025,"Платные услуги, млн. сомони",Темп роста к предыдущему году в %,113.2
2026,"Платные услуги, млн. сомони",Темп роста к предыдущему году в %,114.9303940053814
2027,"Платные услуги, млн. сомони",Темп роста к предыдущему году в %,113.901530110427
2028,"Платные услуги, млн. сомони",Темп роста к предыдущему году в %,113.70534406322643
2029,"Платные услуги, млн. сомони",Темп роста к предыдущему году в %,108.1595839667325
2030,"Платные услуги, млн. сомони",Темп роста к предыдущему году в %,109.69894171168636
2031,"Платные услуги, млн. сомони",Темп роста к предыдущему году в %,109.62464884840513
2032,"Платные услуги, млн. сомони",Темп роста к предыдущему году в %,102.52798712780707
2033,"Платные услуги, млн. сомони",Темп роста к предыдущему году в %,118.17565762402712
2034,"Платные услуги, млн. сомони",Темп роста к предыдущему году в %,113.32542294904846
2035,"Платные услуги, млн. сомони",Темп роста к предыдущему году в %,95.40817811851213
2013,"Инфляция, %",value,103.7
2014,"Инфляция, %",value,107.4
2015,"Инфляция, %",value,105.1
2016,"Инфляция, %",value,106.1
2017,"Инфляция, %",value,106.7411
2018,"Инфляция, %",value,105.37888685927308
2019,"Инфляция, %",value,108
2020,"Инфляция, %",value,109.4
2021,"Инфляция, %",value,108
2022,"Инфляция, %",value,104.2
2023,"Инфляция, %",value,103.8
2024,"Инфляция, %",value,103.6
2025,"Инфляция, %",value,103.5
2026,"Инфляция, %",value,102.41615783032842
2027,"Инфляция, %",value,104.26809893578867
2028,"Инфляция, %",value,104.80070002414024
2029,"Инфляция, %",value,104.1809609368155
2030,"Инфляция, %",value,103.90637291476378
2031,"Инфляция, %",value,105.03247240189455
2032,"Инфляция, %",value,104.72672897287403
2033,"Инфляция, %",value,104.57101867456707
2034,"Инфляция, %",value,104.69616681622347
2035,"Инфляция, %",value,104.91717480500677
2013,Внешнеторговый оборот,value,4988.8
2014,Внешнеторговый оборот,value,5274.7
2015,Внешнеторговый оборот,value,4326.2
2016,Внешнеторговый оборот,value,3929.8999999999996
2017,Внешнеторговый оборот,value,3972.9
2018,Внешнеторговый оборот,value,4224.3
2019,Внешнеторговый оборот,value,4523.700000000001
2020,Внешнеторговый оборот,value,4556.9
2021,Внешнеторговый оборот,value,6359.1
2022,Внешнеторговый оборот,value,7309.5
2023,Внешнеторговый оборот,value,7741.578
2024,Внешнеторговый оборот,value,8955.1
2025,Внешнеторговый оборот,value,10793.1
2026,Внешнеторговый оборот,value,11021.821093391853
2027,Внешнеторговый оборот,value,11200.54343210759
2028,Внешнеторговый оборот,value,11336.519473618624
2029,Внешнеторговый оборот,value,11664.518684381677
2030,Внешнеторговый оборот,value,11979.383323665872
2031,Внешнеторговый оборот,value,11976.166589603115
2032,Внешнеторговый оборот,value,12300.475923843846
2033,Внешнеторговый оборот,value,11840.392579337022
2034,Внешнеторговый оборот,value,11378.756557283907
2035,Внешнеторговый оборот,value,13564.672488222486
2013,Внешнеторговый оборот,Темп роста к предыдущему году в %,0
2014,Внешнеторговый оборот,Темп роста к предыдущему году в %,0
2015,Внешнеторговый оборот,Темп роста к предыдущему году в %,0
2016,Внешнеторговый оборот,Темп роста к предыдущему году в %,90.83953585132448
2017,Внешнеторговый оборот,Темп роста к предыдущему году в %,101.09417542431108
2018,Внешнеторговый оборот,Темп роста к предыдущему году в %,106.32787132824888
2019,Внешнеторговый оборот,Темп роста к предыдущему году в %,107.08756480363613
2020,Внешнеторговый оборот,Темп роста к предыдущему году в %,100.7339125052501
2021,Внешнеторговый оборот,Темп роста к предыдущему году в %,139.5488160811078
2022,Внешнеторговый оборот,Темп роста к предыдущему году в %,114.94551115723924
2023,Внешнеторговый оборот,Темп роста к предыдущему году в %,105.91118407551816
2024,Внешнеторговый оборот,Темп роста к предыдущему году в %,115.67538297747566
2025,Внешнеторговый оборот,Темп роста к предыдущему году в %,120.52461725720538
2026,Внешнеторговый оборот,Темп роста к предыдущему году в %,102.1191417979251
2027,Внешнеторговый оборот,Темп роста к предыдущему году в %,101.62153184307165
2028,Внешнеторговый оборот,Темп роста к предыдущему году в %,101.2140128944212
2029,Внешнеторговый оборот,Темп роста к предыдущему году в %,102.89329729046331
2030,Внешнеторговый оборот,Темп роста к предыдущему году в %,102.69933674765154
2031,Внешнеторговый оборот,Темп роста к предыдущему году в %,99.97314774912994
2032,Внешнеторговый оборот,Темп роста к предыдущему году в %,102.70795610443724
2033,Внешнеторговый оборот,Темп роста к предыдущему году в %,96.25962973013934
2034,Внешнеторговый оборот,Темп роста к предыдущему году в %,96.10117638448298
2035,Внешнеторговый оборот,Темп роста к предыдущему году в %,119.21049914315378
2013,"Экспорт товаров, млн. долл. США",value,943.4
2014,"Экспорт товаров, млн. долл. США",value,977.3
2015,"Экспорт товаров, млн. долл. США",value,890.6
2016,"Экспорт товаров, млн. долл. США",value,898.7
2017,"Экспорт товаров, млн. долл. США",value,1198
2018,"Экспорт товаров, млн. долл. США",value,1073.3
2019,"Экспорт товаров, млн. долл. США",value,1174.4
2020,"Экспорт товаров, млн. долл. США",value,1406.9
2021,"Экспорт товаров, млн. долл. США",value,2149.6
2022,"Экспорт товаров, млн. долл. США",value,2142
2023,"Экспорт товаров, млн. долл. США",value,1861.478
2024,"Экспорт товаров, млн. долл. США",value,1947.5
2025,"Экспорт товаров, млн. долл. США",value,2487.9
2026,"Экспорт товаров, млн. долл. США",value,2672.7851308695854
2027,"Экспорт товаров, млн. долл. США",value,2840.45864028228
2028,"Экспорт товаров, млн. долл. США",value,2973.46682215844
2029,"Экспорт товаров, млн. долл. США",value,3140.6395578060606
2030,"Экспорт товаров, млн. долл. США",value,3298.4752801084705
2031,"Экспорт товаров, млн. долл. США",value,3051.718721744787
2032,"Экспорт товаров, млн. долл. США",value,3206.4233036194364
2033,"Экспорт товаров, млн. долл. США",value,3486.8409223060944
2034,"Экспорт товаров, млн. долл. США",value,3794.584722181057
2035,"Экспорт товаров, млн. долл. США",value,4161.364118186391
2013,"Экспорт товаров, млн. долл. США",Темп роста к предыдущему году в %,0
2014,"Экспорт товаров, млн. долл. США",Темп роста к предыдущему году в %,0
2015,"Экспорт товаров, млн. долл. США",Темп роста к предыдущему году в %,91.12861966642792
2016,"Экспорт товаров, млн. долл. США",Темп роста к предыдущему году в %,100.90949921401302
2017,"Экспорт товаров, млн. долл. США",Темп роста к предыдущему году в %,133.30366084344053
2018,"Экспорт товаров, млн. долл. США",Темп роста к предыдущему году в %,89.59098497495826
2019,"Экспорт товаров, млн. долл. США",Темп роста к предыдущему году в %,109.41954719090657
2020,"Экспорт товаров, млн. долл. США",Темп роста к предыдущему году в %,119.79734332425068
2021,"Экспорт товаров, млн. долл. США",Темп роста к предыдущему году в %,152.78982159357452
2022,"Экспорт товаров, млн. долл. США",Темп роста к предыдущему году в %,99.64644585039078
2023,"Экспорт товаров, млн. долл. США",Темп роста к предыдущему году в %,86.90373482726424
2024,"Экспорт товаров, млн. долл. США",Темп роста к предыдущему году в %,104.62116662136216
2025,"Экспорт товаров, млн. долл. США",Темп роста к предыдущему году в %,127.74839537869063
2026,"Экспорт товаров, млн. долл. США",Темп роста к предыдущему году в %,107.431373080493
2027,"Экспорт товаров, млн. долл. США",Темп роста к предыдущему году в %,106.27336284821902
2028,"Экспорт товаров, млн. долл. США",Темп роста к предыдущему году в %,104.68263047346966
2029,"Экспорт товаров, млн. долл. США",Темп роста к предыдущему году в %,105.62214901480789
2030,"Экспорт товаров, млн. долл. США",Темп роста к предыдущему году в %,105.02559174325208
2031,"Экспорт товаров, млн. долл. США",Темп роста к предыдущему году в %,92.51907207394416
2032,"Экспорт товаров, млн. долл. США",Темп роста к предыдущему году в %,105.06942467444046
2033,"Экспорт товаров, млн. долл. США",Темп роста к предыдущему году в %,108.74549590411597
2034,"Экспорт товаров, млн. долл. США",Темп роста к предыдущему году в %,108.82586291523243
2035,"Экспорт товаров, млн. долл. США",Темп роста к предыдущему году в %,109.6658639313373
2013,"Импорт товаров, млн.долл. США",value,4045.4
2014,"Импорт товаров, млн.долл. США",value,4297.4
2015,"Импорт товаров, млн.долл. США",value,3435.6
2016,"Импорт товаров, млн.долл. США",value,3031.2
2017,"Импорт товаров, млн.долл. США",value,2774.9
2018,"Импорт товаров, млн.долл. США",value,3151
2019,"Импорт товаров, млн.долл. США",value,3349.3
2020,"Импорт товаров, млн.долл. США",value,3150
2021,"Импорт товаров, млн.долл. США",value,4209.5
2022,"Импорт товаров, млн.долл. США",value,5167.5
2023,"Импорт товаров, млн.долл. США",value,5880.1
2024,"Импорт товаров, млн.долл. США",value,7007.6
2025,"Импорт товаров, млн.долл. США",value,8305.2
2026,"Импорт товаров, млн.долл. США",value,8349.035962522266
2027,"Импорт товаров, млн.долл. США",value,8360.08479182531
2028,"Импорт товаров, млн.долл. США",value,8363.052651460184
2029,"Импорт товаров, млн.долл. США",value,8523.879126575617
2030,"Импорт товаров, млн.долл. США",value,8680.908043557401
2031,"Импорт товаров, млн.долл. США",value,8924.447867858327
2032,"Импорт товаров, млн.долл. США",value,9094.05262022441
2033,"Импорт товаров, млн.долл. США",value,8353.551657030926
2034,"Импорт товаров, млн.долл. США",value,7584.17183510285
2035,"Импорт товаров, млн.долл. США",value,9403.308370036095
2014,"Импорт товаров, млн.долл. США",Темп роста к предыдущему году в %,106.2292974736738
2015,"Импорт товаров, млн.долл. США",Темп роста к предыдущему году в %,79.94601386885094
2016,"Импорт товаров, млн.долл. США",Темп роста к предыдущему году в %,88.22913028292001
2017,"Импорт товаров, млн.долл. США",Темп роста к предыдущему году в %,91.54460279757193
2018,"Импорт товаров, млн.долл. США",Темп роста к предыдущему году в %,113.55364157266928
2019,"Импорт товаров, млн.долл. США",Темп роста к предыдущему году в %,106.29324024119329
2020,"Импорт товаров, млн.долл. США",Темп роста к предыдущему году в %,94.04950288119906
2021,"Импорт товаров, млн.долл. США",Темп роста к предыдущему году в %,133.63492063492063
2022,"Импорт товаров, млн.долл. США",Темп роста к предыдущему году в %,122.75804727402304
2023,"Импорт товаров, млн.долл. США",Темп роста к предыдущему году в %,113.79003386550556
2024,"Импорт товаров, млн.долл. США",Темп роста к предыдущему году в %,119.17484396523868
2025,"Импорт товаров, млн.долл. США",Темп роста к предыдущему году в %,118.5170386437582
2026,"Импорт товаров, млн.долл. США",Темп роста к предыдущему году в %,100.52781344846922
2027,"Импорт товаров, млн.долл. США",Темп роста к предыдущему году в %,100.13233658775265
2028,"Импорт товаров, млн.долл. США",Темп роста к предыдущему году в %,100.03550035327126
2029,"Импорт товаров, млн.долл. США",Темп роста к предыдущему году в %,101.92305945948281
2030,"Импорт товаров, млн.долл. США",Темп роста к предыдущему году в %,101.84222364782487
2031,"Импорт товаров, млн.долл. США",Темп роста к предыдущему году в %,102.8054648555075
2032,"Импорт товаров, млн.долл. США",Темп роста к предыдущему году в %,101.90045092847613
2033,"Импорт товаров, млн.долл. США",Темп роста к предыдущему году в %,91.8573050529016
2034,"Импорт товаров, млн.долл. США",Темп роста к предыдущему году в %,90.78978794270682
2035,"Импорт товаров, млн.долл. США",Темп роста к предыдущему году в %,123.9859614798479
2014,Курс доллара к сомони,value,5.16
2015,Курс доллара к сомони,value,6.16
2016,Курс доллара к сомони,value,7.84
2014,Средняя цена нефти,value,97.38711909467344
2015,Средняя цена нефти,value,50.793041982976774
2016,Средняя цена нефти,value,42.7
2017,Средняя цена нефти,value,54.4
2018,Средняя цена нефти,value,71.07
2019,Средняя цена нефти,value,64.03
2020,Средняя цена нефти,value,42.8
2021,Средняя цена нефти,value,71
2014,Курс доллара к рос. Рублю,value,44.45
2015,Курс доллара к рос. Рублю,value,61
2016,Курс доллара к рос. Рублю,value,67.03
2017,Курс доллара к рос. Рублю,value,61
2018,Курс доллара к рос. Рублю,value,63
2019,Курс доллара к рос. Рублю,value,65.4
2020,Курс доллара к рос. Рублю,value,71.9
2021,Курс доллара к рос. Рублю,value,73.6
2013,"Денежные переводы, млн. долл. США",value,0
2014,"Денежные переводы, млн. долл. США",value,3900
2015,"Денежные переводы, млн. долл. США",value,2629.2
2016,"Денежные переводы, млн. долл. США",value,2185.7
2017,"Денежные переводы, млн. долл. США",value,2632
2018,"Денежные переводы, млн. долл. США",value,2568.6
2019,"Денежные переводы, млн. долл. США",value,2731.6
2020,"Денежные переводы, млн. долл. США",value,2559.8
2015,"Денежные переводы, %",value,67.41538461538461
2016,"Денежные переводы, %",value,83.13175110299711
2017,"Денежные переводы, %",value,120.41908770645561
2018,"Денежные переводы, %",value,97.59118541033435
2019,"Денежные переводы, %",value,106.34586934516857
2020,"Денежные переводы, %",value,93.71064577536976
2013,Денежные переводы % к ВВП,value,0
2014,Денежные переводы % к ВВП,value,0.4220027364460407
2015,Денежные переводы % к ВВП,value,0.3179389964964867
2016,Денежные переводы % к ВВП,value,0.31257852065055314
2017,Денежные переводы % к ВВП,value,0.3492365153342241
2018,Денежные переводы % к ВВП,value,0.3307914009727101
2013,"ВВП на душу населения, долл. США",value,1053.5032114520802
2014,"ВВП на душу населения, долл. США",value,1119.313461265679
2015,"ВВП на душу населения, долл. США",value,978.4572958066346
2016,"ВВП на душу населения, долл. США",value,808.6553678084639
2017,"ВВП на душу населения, долл. США",value,852.8252453302455
2018,"ВВП на душу населения, долл. США",value,860.0183582480987